id,0,1,2,3,4,5,6,7,8,9,10,11,12,13,14,15,16,17,18,19,20,21,22,23,24,25,26,27,28,29,30,31,32,33,34,35,36,37,38,39,40,41,42,43,44,45,46,47,48
dw6c88,1,2,2,2,2,2,2,2,2,2,2,2,2,2,2,2,2,2,2,2,2,2,2,2,2,2,2,2,2,2,2,2,2,2,2,2,2,2,2,2,2,2,2,2,2,2,2,2,2
dw6axn,6,15,15,15,19,18,20,18,18,17,17,16,19,20,20,18,19,19,18,17,19,16,16,18,17,17,18,17,19,17,19,17,17,19,17,18,17,17,16,18,19,20,16,17,18,16,18,18,19
dw6arb,8,25,37,44,45,43,47,46,48,51,52,53,54,53,53,57,55,57,53,58,56,55,55,58,58,58,58,59,61,60,58,57,58,59,61,58,59,59,55,62,57,58,58,60,63,60,55,58,56
dw6agu,4,3,3,3,2,2,0,1,0,0,0,0,0,0,0,0,0,0,0,0,0,0,0,0,0,0,0,0,0,0,0,0,0,0,0,0,0,0,0,0,0,0,0,0,0,0,0,0,0
dw69ib,5,5,4,4,2,2,0,0,0,0,0,0,0,0,0,0,0,0,0,0,0,0,0,0,0,0,0,0,0,0,0,0,0,0,0,0,0,0,0,0,0,0,0,0,0,0,0,0,0
dw69a5,13,26,31,38,45,53,53,56,56,60,56,63,60,63,68,66,69,68,68,75,71,72,68,69,73,72,72,72,71,75,78,70,74,75,74,76,77,74,71,74,74,73,76,77,74,73,72,74,74
dw694v,2,2,2,3,2,2,2,2,2,2,2,2,2,2,2,2,2,2,2,2,2,2,2,2,2,2,2,2,2,2,2,2,2,2,2,2,2,2,2,2,2,2,2,2,2,2,2,2,2
dw6848,3,4,6,4,6,6,8,6,8,6,5,4,6,7,6,5,6,3,5,5,4,5,4,3,6,7,3,6,5,5,4,4,5,5,5,6,5,4,5,6,6,7,5,3,6,6,4,5,6
dw67oi,19,42,70,92,110,117,145,167,219,259,311,381,446,535,613,656,714,773,826,878,944,983,1033,1077,1142,1164,1184,1194,1200,1201,1206,1197,1204,1204,1208,1205,1207,1209,1204,1209,1206,1203,1203,1203,1204,1206,1208,1209,1207
dw67gf,11,13,16,14,19,20,23,22,21,23,19,25,20,23,28,24,25,23,25,21,26,25,29,23,23,27,28,28,27,25,28,25,25,26,30,26,23,26,26,31,24,27,28,26,25,27,27,26,25
dw66gy,1,1,1,2,2,2,2,2,2,2,2,2,2,2,2,2,2,2,2,2,2,2,2,2,2,2,2,2,2,2,2,2,2,2,2,2,2,2,2,2,2,2,2,2,2,2,2,2,2
dw660h,0,0,0,0,0,0,0,0,0,0,0,0,0,0,0,0,0,0,0,0,0,0,0,0,0,0,0,0,0,0,0,0,0,0,0,0,0,0,0,0,0,0,0,0,0,0,0,0,0
dw64se,0,1,1,0,1,2,3,2,2,2,0,3,2,0,2,0,2,0,2,1,3,2,0,0,2,2,3,1,1,2,0,2,0,3,1,1,1,1,1,0,0,0,0,0,0,1,1,1,0
dw6465,40,65,84,106,124,140,164,188,218,245,260,290,310,342,365,389,399,415,431,442,447,461,468,480,484,498,499,510,507,506,511,504,504,504,508,502,502,504,509,505,503,504,511,505,508,507,507,510,506
dw63uo,0,0,0,0,0,0,0,0,0,0,0,0,0,0,0,0,0,0,0,0,0,0,0,0,0,0,0,0,0,0,0,0,0,0,0,0,0,0,0,0,0,0,0,0,0,0,0,0,0
dw63di,20,28,34,34,36,37,37,40,39,46,43,47,41,46,43,43,45,43,46,47,46,48,43,44,45,49,47,48,48,45,47,47,44,49,48,48,48,48,49,48,45,45,48,48,47,49,47,46,45
dw62o6,6,7,6,6,5,6,7,7,8,5,7,6,5,5,8,6,6,6,6,7,6,7,7,7,6,6,5,8,5,9,8,6,7,7,7,8,9,8,9,8,7,6,6,7,6,8,6,8,9
dw621t,18,24,24,24,25,24,22,19,21,21,21,19,21,18,21,18,21,22,23,20,23,22,23,21,24,26,23,25,21,24,25,21,24,20,22,24,25,21,20,27,23,19,25,27,22,25,26,26,23
dw60rl,15,19,20,21,20,22,22,19,20,22,18,20,18,20,20,19,18,20,20,19,20,24,24,23,23,22,22,23,23,23,22,23,20,21,24,22,24,23,22,23,20,23,24,21,20,21,22,22,23
dw609u,82,152,268,345,468,678,997,1580,2714,4319,5934,7654,9533,11534,13180,14005,14791,15535,16130,16598,17063,17508,17981,18464,18943,19203,19377,19619,19807,19975,20088,20112,20110,20121,20133,20135,20142,20144,20149,20157,20161,20168,20156,20167,20174,20171,20178,20169,20176
dw5z5o,1,2,2,0,0,0,0,0,0,0,0,0,0,0,0,0,0,0,0,0,0,0,0,0,0,0,0,0,0,0,0,0,0,0,0,0,0,0,0,0,0,0,0,0,0,0,0,0,0
dw5yhi,0,0,0,0,0,0,0,0,0,0,0,0,0,0,0,0,0,0,0,0,0,0,0,0,0,0,0,0,0,0,0,0,0,0,0,0,0,0,0,0,0,0,0,0,0,0,0,0,0
dw5xcv,14,15,15,16,18,16,20,19,20,17,17,18,16,16,15,16,14,17,16,16,18,14,14,18,17,18,14,17,17,16,15,16,16,14,17,17,18,14,16,16,14,17,16,18,16,16,16,16,16
dw5wxl,14,17,17,18,16,14,21,20,19,14,17,16,15,18,18,17,20,17,16,17,17,21,20,19,16,21,19,22,21,20,22,20,21,20,23,19,19,19,16,21,18,17,21,16,21,20,16,19,18
dw5wbz,21,35,43,54,51,54,59,57,62,64,59,57,62,69,68,71,68,68,70,72,71,68,70,70,72,73,67,66,70,66,67,68,69,70,68,67,67,72,71,73,67,70,67,69,65,71,73,68,69
dw5tzm,2,2,2,2,2,2,2,2,2,2,2,2,2,2,2,2,2,2,2,2,2,2,2,2,2,2,2,2,2,2,2,2,2,2,2,2,2,2,2,2,2,2,2,2,2,2,2,2,2
dw5sqe,32,34,44,46,51,55,57,61,67,69,67,70,66,69,72,65,71,70,67,68,66,67,73,70,70,71,70,73,69,71,73,69,72,68,71,68,70,69,66,67,67,71,71,71,68,71,68,69,66
dw5qpz,184,306,434,596,849,1284,1880,2956,5346,10544,16922,23478,29045,33789,35961,37124,38179,39289,40037,40614,41279,41878,42396,42986,43563,43925,44237,44534,44816,45101,45308,45376,45414,45452,45493,45529,45546,45580,45592,45619,45644,45650,45670,45677,45688,45704,45724,45733,45749
dw5pne,1,0,0,0,0,0,0,0,0,0,0,0,0,0,0,0,0,0,0,0,0,0,0,0,0,0,0,0,0,0,0,0,0,0,0,0,0,0,0,0,0,0,0,0,0,0,0,0,0
dw5p93,4,4,4,5,3,5,3,5,4,6,3,6,3,5,4,4,3,5,3,3,4,4,4,4,6,4,3,4,3,4,3,5,4,6,2,2,3,2,4,5,5,4,2,5,3,2,2,5,2
dw5ov6,11,12,12,15,12,16,14,18,18,18,19,19,18,16,20,19,13,18,20,22,18,15,16,17,16,16,16,18,19,18,15,15,17,20,19,19,17,16,16,19,15,19,19,16,18,16,19,17,16
dw5opv,1,0,0,0,0,1,0,0,0,0,0,0,0,0,0,0,1,0,0,0,0,0,0,0,0,1,0,0,0,0,0,0,0,0,0,0,1,0,0,0,0,0,0,0,0,0,0,0,0
dw5nst,8,8,8,7,10,7,9,8,9,9,8,6,9,7,6,10,8,8,9,8,9,9,6,6,6,10,8,8,8,7,9,9,6,8,6,8,8,7,7,6,8,9,7,8,8,8,8,10,8
dw5nqx,7,7,8,8,7,7,6,4,6,4,7,6,5,7,7,7,7,11,11,8,9,9,9,9,9,11,7,10,10,10,8,9,7,10,11,9,7,11,10,11,10,8,10,10,8,10,9,9,9
dw5jj6,0,0,0,0,0,0,0,0,0,0,0,0,0,0,0,0,0,0,0,0,0,0,0,0,0,0,0,0,0,0,0,0,0,0,0,0,0,0,0,0,0,0,0,0,0,0,0,0,0
dw5jig,14,16,13,13,14,14,13,12,13,15,15,13,17,15,13,15,14,18,14,13,16,15,15,15,14,17,16,14,16,15,14,15,15,15,17,13,14,13,14,13,16,14,13,17,15,15,17,16,15
dw5j5m,0,0,1,1,1,1,1,1,1,1,1,1,1,1,1,1,2,2,2,2,1,2,2,1,3,2,1,3,2,2,2,2,1,2,2,3,1,2,2,2,3,3,2,2,2,3,2,1,1
dw5i7u,24,27,24,25,27,24,23,22,23,23,24,25,31,27,32,31,27,29,33,32,34,30,29,34,33,34,33,33,33,28,33,30,36,36,34,33,31,33,31,31,35,32,34,32,34,31,32,33,29
dw5hn3,5,5,5,8,6,5,5,6,5,5,4,7,8,9,7,9,9,7,9,10,7,10,8,9,9,8,7,8,7,8,7,7,7,7,7,6,9,8,7,6,7,7,7,5,7,8,9,7,7
dw5gpi,4,4,4,4,4,3,5,5,6,6,5,6,4,4,2,6,2,3,4,4,5,3,3,2,3,4,5,5,5,5,2,5,5,3,5,3,3,3,3,3,6,5,3,5,4,6,4,6,4
dw5a9d,72,71,73,79,79,82,89,91,92,94,97,96,104,108,103,107,106,108,108,107,112,111,113,113,110,112,112,115,114,113,112,113,111,114,114,116,118,118,112,114,111,118,114,116,113,113,113,113,113
dw5a4s,38,41,42,46,50,48,53,52,54,55,53,58,55,60,60,63,63,65,59,63,64,63,64,63,63,60,64,66,64,68,66,67,66,69,68,64,69,69,66,67,66,68,68,68,66,68,66,67,63
dw59sk,6,7,8,9,7,8,10,7,10,9,10,7,7,7,9,11,8,11,7,8,11,8,9,9,9,11,12,9,9,9,8,10,8,9,10,8,8,11,11,9,8,9,7,11,10,8,10,8,10
dw595p,10,7,9,9,12,12,12,13,12,14,16,16,13,13,12,15,13,15,14,13,14,16,13,14,14,12,15,13,12,12,16,16,13,13,13,12,15,13,12,15,13,14,15,15,14,15,13,14,16
dw58b1,111,122,130,142,153,161,177,188,202,218,229,235,246,265,269,278,276,287,297,298,309,311,314,318,326,327,334,329,335,338,340,343,340,343,340,336,343,344,341,346,342,342,343,343,342,343,343,347,343
dw57c5,9,8,9,9,9,9,8,9,10,10,9,8,10,10,11,10,11,11,10,12,12,10,11,11,11,11,10,12,11,11,11,10,11,11,10,11,11,10,10,11,9,11,11,11,9,11,10,9,11
dw575h,3,3,2,2,2,2,1,1,1,1,2,1,1,1,1,1,0,0,0,1,0,0,0,1,0,1,1,0,0,0,0,0,0,0,0,0,0,0,1,0,0,1,0,0,0,0,0,1,0
dw56kr,2,1,1,1,1,1,1,1,1,1,1,1,1,1,1,1,1,1,1,1,1,1,1,1,1,1,1,1,1,1,1,1,1,1,1,1,1,1,1,1,1,1,1,1,1,1,1,1,1
dw56kk,34,39,38,42,41,45,45,49,51,50,56,53,55,60,59,60,54,56,62,59,63,61,60,62,65,66,61,61,63,63,63,65,66,62,63,63,62,67,60,64,63,65,61,63,62,63,65,63,61
dw56cm,17,19,19,20,20,21,21,19,22,22,19,19,19,21,19,20,21,20,19,19,17,19,18,20,19,20,20,20,22,21,21,19,19,21,18,20,20,21,19,22,21,21,21,18,20,21,20,20,19
dw55rk,5,3,4,2,3,3,3,2,1,2,2,2,0,2,1,1,3,1,2,3,1,1,0,0,0,2,2,3,4,4,1,1,2,1,3,2,3,3,1,1,2,0,3,3,2,2,4,2,4
dw55k8,46,51,51,55,56,63,64,62,64,65,66,67,67,63,67,65,62,68,61,61,63,65,61,66,66,64,64,61,63,60,61,61,65,64,65,65,66,63,64,61,65,65,62,66,65,63,62,64,60
dw55eb,78,81,84,90,92,99,103,108,114,125,130,133,140,143,147,154,152,157,158,158,155,160,159,158,163,161,162,162,159,164,165,163,162,163,167,164,163,161,161,164,161,161,164,165,163,167,168,164,161
dw556s,18,19,19,21,20,22,20,22,23,20,24,21,22,21,19,21,21,23,22,20,24,21,22,23,21,24,23,22,22,21,22,24,24,24,22,20,23,21,22,23,22,20,23,21,24,23,21,22,22
dw54yp,196,215,235,259,281,326,377,440,521,598,677,768,874,994,1078,1129,1185,1259,1309,1349,1389,1431,1478,1535,1570,1592,1610,1623,1637,1654,1659,1666,1678,1690,1705,1710,1714,1713,1714,1717,1724,1729,1728,1726,1730,1734,1732,1735,1734
dw54f4,1,1,1,1,1,1,1,1,1,1,1,1,1,1,1,1,1,1,1,1,1,1,1,1,1,1,1,1,1,1,1,1,1,1,1,1,1,1,1,1,1,1,1,1,1,1,1,1,1
dw52z0,10,12,11,12,11,13,13,11,13,12,11,13,12,14,13,11,12,11,11,13,12,12,12,11,10,11,11,11,10,11,11,12,12,11,11,11,11,11,12,12,10,11,12,12,12,10,10,11,11
dw52aq,5,7,8,8,7,8,8,8,10,11,9,11,11,11,11,10,10,10,10,9,10,12,9,10,11,9,10,10,10,10,11,9,8,11,11,10,11,10,9,11,12,9,10,8,10,9,8,8,8
dw4xfk,43,50,48,51,53,56,56,61,64,67,68,70,69,76,77,78,77,78,77,72,72,77,77,78,80,78,81,77,75,77,75,78,76,76,78,78,80,78,78,78,80,76,77,76,76,81,81,75,77
dw4x1f,196,215,226,251,267,281,305,335,368,404,435,456,496,529,567,591,614,636,660,673,680,698,719,731,741,747,754,754,760,774,770,773,774,778,792,795,794,795,793,802,800,802,806,808,802,812,809,808,804
dw4x07,6,5,8,5,7,9,8,8,7,6,5,8,6,7,10,7,8,7,6,7,7,8,7,6,9,5,5,6,6,6,9,7,7,8,8,5,6,5,6,8,8,6,9,8,6,7,5,7,6
dw4vhn,20,20,20,21,21,21,22,20,22,23,24,23,23,24,21,23,24,22,21,22,21,24,24,23,25,25,24,25,26,26,25,26,26,26,27,26,27,25,24,26,24,26,24,25,27,26,26,27,25
dw4v5h,22,22,24,23,22,24,25,26,23,26,24,25,25,24,27,28,26,27,26,26,27,26,25,25,25,24,24,24,25,25,25,25,26,26,25,25,26,24,26,26,24,26,24,25,26,24,25,24,26
dw4v0o,5,4,4,3,5,3,4,4,3,4,4,3,5,4,4,4,4,3,3,5,4,3,4,4,3,4,4,5,4,5,5,4,4,5,4,4,4,4,4,4,4,4,5,5,4,4,4,4,4
dw4tfy,3,3,3,3,3,3,3,3,3,3,3,3,3,3,3,3,3,3,3,3,3,3,3,3,3,3,3,3,3,3,3,3,3,3,3,3,3,3,3,3,3,3,3,3,3,3,3,3,3
dw4td0,17,15,17,16,17,16,17,19,18,20,17,15,17,17,19,19,16,19,17,17,18,20,19,19,20,20,20,19,19,18,19,18,19,19,19,19,18,19,19,19,21,19,20,20,18,18,21,19,20
dw4t78,48,46,46,46,49,51,55,57,59,61,62,59,61,66,63,64,64,65,62,63,67,69,67,67,66,68,66,64,68,63,65,64,65,68,70,66,69,69,70,68,64,67,68,65,69,70,66,64,69
dw4sf4,5,5,5,4,5,6,5,5,4,7,5,5,6,6,7,5,8,7,6,6,6,4,7,8,6,6,6,5,5,5,5,8,8,5,5,6,6,6,5,6,4,6,4,4,6,6,6,6,6
dw4rby,54,64,68,74,79,74,75,77,86,79,84,87,84,85,86,85,88,89,93,89,88,89,87,88,90,92,93,88,93,91,93,95,92,90,91,92,96,92,94,93,93,94,96,91,95,97,95,91,93
dw4r8m,0,0,0,0,0,0,0,0,0,0,0,0,0,0,0,0,0,0,0,0,0,0,0,0,0,0,0,0,0,0,0,0,0,0,0,0,0,0,0,0,0,0,0,0,0,0,0,0,0
dw4qt6,34,34,30,32,39,38,40,41,42,41,38,40,42,41,40,41,43,41,40,41,40,42,43,41,39,37,39,38,41,44,37,42,43,39,40,39,38,39,41,40,40,37,40,41,39,40,41,40,42
dw4qm5,0,0,0,0,0,0,0,0,0,0,0,0,0,0,1,1,1,1,1,1,1,1,1,1,1,1,1,1,1,1,1,1,1,1,1,1,1,1,1,1,1,1,1,1,1,1,1,1,1
dw4qkj,55,64,72,77,81,89,90,91,91,94,90,91,89,89,91,91,93,93,93,92,89,94,91,90,87,95,93,89,88,90,88,94,91,91,92,87,92,90,91,92,92,89,89,88,93,93,93,95,93
dw4q0i,0,0,0,0,0,0,0,0,0,0,0,0,0,0,0,0,0,0,0,0,0,0,0,0,0,0,0,0,0,0,0,0,0,0,0,0,0,0,0,0,0,0,0,0,0,0,0,0,0
dw4npt,17,18,18,20,24,25,25,24,24,24,25,26,26,29,28,30,28,29,30,30,28,31,31,27,27,30,29,32,29,32,31,30,29,33,27,30,30,33,30,31,32,31,28,31,33,29,32,32,29
dw4ncn,8,9,10,8,9,8,6,6,8,7,9,6,10,7,8,9,10,10,9,8,9,9,10,8,7,10,10,8,8,8,9,7,8,7,8,7,10,10,9,11,11,9,10,9,8,11,8,9,9
dw4kib,29,30,30,30,38,33,35,39,36,34,40,36,39,41,39,44,40,40,40,41,39,41,42,42,45,42,42,43,43,42,43,42,39,42,42,45,38,43,43,45,43,44,40,45,42,42,45,45,40
dw4khm,275,319,349,413,461,566,678,833,1058,1341,1603,1886,2214,2596,2887,3052,3198,3363,3502,3603,3733,3841,3952,4112,4226,4306,4347,4406,4453,4514,4559,4598,4631,4663,4700,4719,4732,4749,4758,4772,4776,4783,4791,4799,4791,4798,4797,4808,4801
dw4k9i,55,54,56,58,60,59,62,67,64,69,65,68,72,69,71,72,70,69,71,75,75,71,74,74,74,74,75,70,75,75,78,71,75,76,72,77,78,74,74,75,73,74,73,77,77,71,74,72,72
dw4k5v,62,68,69,80,78,80,80,78,75,80,79,78,75,76,77,78,79,81,80,76,75,75,78,79,78,82,79,81,81,77,80,80,80,78,78,79,78,79,78,78,80,82,77,80,80,80,81,77,82
dw4izd,12,12,10,10,12,13,12,9,10,12,9,12,12,9,9,10,10,13,13,9,9,10,12,11,11,9,8,9,10,10,11,12,10,10,11,10,11,10,11,12,11,12,9,9,11,11,9,9,8
dw4ins,20,24,23,20,23,20,22,21,19,22,19,22,21,23,21,22,22,22,23,25,23,23,24,23,23,24,24,22,23,23,24,24,24,23,21,24,24,25,21,23,22,25,24,25,24,23,22,23,22
dw4id1,52,60,64,62,63,65,69,70,73,73,79,79,78,85,80,85,88,86,92,91,89,88,89,93,89,89,90,87,93,93,92,90,90,87,90,86,91,91,92,89,92,94,91,95,91,93,90,92,90
dw4i6e,42,48,45,51,55,51,55,56,55,54,55,51,53,54,55,54,54,55,54,53,53,53,58,56,57,56,55,61,62,55,56,58,56,60,56,60,55,60,60,59,58,56,60,55,59,56,58,59,55
dw4h3o,39,39,40,35,41,45,40,44,46,45,41,48,43,46,46,44,45,51,51,51,45,50,48,49,51,47,49,46,47,47,46,48,49,50,51,50,50,48,48,48,50,49,48,49,50,48,50,53,54
dw4h9j,3,3,2,3,1,2,1,2,2,2,1,2,3,2,3,1,2,3,3,1,3,1,3,3,2,3,2,3,2,2,2,1,2,2,1,3,1,2,2,2,1,3,2,2,3,2,3,2,2
dw4gxn,12,13,13,13,13,14,15,11,13,13,15,15,15,17,16,13,14,13,16,16,16,18,18,15,14,16,16,16,17,16,15,17,15,14,17,16,16,15,16,14,18,14,16,15,17,16,14,17,16
dw4g73,31,30,28,31,30,31,30,26,31,31,31,29,33,31,32,28,33,33,32,35,34,38,32,35,35,33,36,32,37,30,35,32,35,31,36,34,37,36,34,36,35,32,34,34,34,33,32,34,37
dw4fib,19,21,21,21,20,23,24,24,25,25,23,22,23,23,25,25,23,25,25,23,23,26,25,25,24,25,25,25,26,24,23,25,23,25,25,24,24,25,26,24,23,25,25,24,24,26,23,25,27
dw4f46,123,137,147,155,156,167,176,180,191,199,208,213,223,238,245,248,250,256,264,263,265,265,268,268,269,275,270,272,270,273,281,275,276,279,276,282,285,273,278,282,285,281,281,284,279,282,283,279,282
dw4ev6,28,27,26,27,30,29,27,28,27,27,28,29,27,30,32,30,30,29,30,32,27,31,29,30,32,30,30,30,28,26,32,29,29,29,26,34,29,30,28,32,30,31,33,27,30,29,29,33,32
dw4e6w,15,17,18,14,16,20,17,16,18,22,18,25,23,24,28,29,28,30,27,29,34,33,34,36,34,33,34,35,35,34,35,37,34,32,33,36,32,37,35,33,32,33,34,31,34,37,35,32,35
dw4dhc,0,0,0,0,0,0,0,0,0,0,0,0,0,0,0,0,0,0,0,0,0,0,0,0,0,0,0,0,0,0,0,0,0,0,0,0,0,0,0,0,0,0,0,0,0,0,0,0,0
dw4cxg,23,26,28,26,26,26,28,26,29,27,31,29,26,31,29,28,31,34,34,35,32,34,35,31,35,34,30,34,31,31,33,33,34,32,37,34,34,36,38,37,31,34,31,36,34,38,34,32,32
dw4cj8,0,0,0,0,0,0,0,0,0,0,0,0,0,0,0,0,0,0,0,0,0,0,0,0,0,0,0,0,0,0,0,0,0,0,0,0,0,0,0,0,0,0,0,0,0,0,0,0,0
dw4cfk,0,0,0,0,0,0,0,0,0,0,0,0,0,0,0,0,0,0,0,0,0,0,0,0,0,0,0,0,0,0,0,0,0,0,0,0,0,0,0,0,0,0,0,0,0,0,0,0,0
dw4cfd,20,18,19,19,20,18,19,19,18,18,17,19,18,18,18,16,19,20,19,19,19,21,21,19,19,20,18,19,18,20,18,18,19,19,21,19,17,17,20,19,19,19,19,18,18,20,19,18,18
dw4bwd,424,469,538,605,705,809,974,1188,1547,1882,2200,2600,2990,3503,3891,4087,4239,4434,4617,4752,4896,5044,5184,5362,5539,5631,5689,5767,5823,5835,5840,5852,5846,5858,5855,5865,5863,5864,5865,5871,5870,5867,5873,5875,5864,5870,5868,5877,5868
dw4bbb,48,51,48,56,56,60,55,58,59,57,59,63,62,58,64,62,65,65,62,63,62,64,65,68,67,67,62,63,66,66,63,66,62,65,67,65,64,64,64,63,67,65,64,66,64,66,65,66,68
dw4a3s,3,5,6,5,4,7,5,4,6,3,4,6,3,7,6,6,5,5,4,5,7,5,3,7,6,7,5,3,6,4,5,6,5,5,4,4,3,3,5,4,3,5,3,4,5,7,5,6,6
