,0,1,2,3,4,5,6,7,8,9,10,11,12,13,14,15,16,17,18,19,20,21,22,23,24,25,26,27,28,29,30,31,32,33,34,35,36,37,38,39,40,41,42,43,44,45,46,47,48
dxjvx7,1,5,6,7,7,5,4,4,6,7,5,3,3,3,4,2,5,3,4,4,5,6,2,5,6,6,6,3,4,2,4,2,3,4,4,5,4,4,4,4,3,4,3,3,3,3,6,5,2
dxjvrw,2,18,26,27,26,33,36,36,37,36,37,34,35,38,35,37,34,34,35,39,39,34,37,35,34,39,35,33,38,37,37,38,33,38,39,38,35,35,36,33,36,37,37,33,38,36,37,34,36
dxjvlv,1,2,1,0,0,0,0,0,0,0,0,0,0,0,0,0,0,0,0,0,0,0,0,0,0,0,0,0,0,0,0,0,0,0,0,0,0,0,0,0,0,0,0,0,0,0,0,0,0
dxjvi3,4,27,34,55,66,69,77,85,92,102,111,124,125,128,132,126,129,128,133,138,135,140,139,144,144,144,142,146,146,148,146,149,147,147,149,153,151,147,146,152,148,149,149,145,149,148,152,149,149
dxjv8u,1,7,7,6,5,5,5,6,5,4,6,6,6,6,7,5,8,5,5,6,6,7,5,6,6,6,4,4,5,7,6,5,8,6,4,5,5,6,7,4,7,4,7,6,7,5,6,8,7
dxjtz2,25,143,533,1846,5681,5907,5934,5943,5940,5946,5951,5950,5962,5956,5961,5976,5977,5986,5998,6014,6021,6035,6047,6056,6065,6069,6072,6078,6072,6084,6077,6074,6082,6086,6083,6091,6094,6085,6089,6089,6097,6086,6092,6099,6100,6097,6103,6100,6099
dxjtgm,3,13,14,16,13,12,9,11,9,9,9,7,9,11,10,9,11,7,9,9,9,7,7,10,8,6,7,9,7,7,7,9,8,6,7,6,7,9,7,8,9,6,6,7,5,8,7,7,6
dxjstq,20,50,106,194,291,383,561,827,848,851,851,855,862,858,860,860,855,867,859,862,861,864,860,867,862,865,867,866,861,867,869,864,872,862,867,870,869,866,864,868,869,865,867,867,871,868,865,867,864
dxjrap,0,0,0,0,0,0,0,0,0,0,0,0,0,0,0,0,0,0,0,0,0,0,0,0,0,0,0,0,0,0,0,0,0,0,0,0,0,0,0,0,0,0,0,0,0,0,0,0,0
dxjr2y,3,3,3,3,3,3,1,1,0,0,0,0,1,0,0,0,0,0,0,0,0,0,0,0,0,0,0,0,0,0,0,0,0,0,0,0,0,0,0,0,0,0,0,0,0,0,0,0,0
dxjqql,23,46,67,82,95,102,113,119,130,140,148,160,166,172,174,182,184,189,191,196,199,204,205,209,210,208,213,218,226,225,227,226,223,227,227,223,229,228,225,221,228,224,224,221,221,224,225,224,225
dxjout,51,116,247,486,832,864,863,869,861,857,859,862,863,864,865,866,868,869,872,873,873,872,870,872,873,871,873,872,874,874,875,875,875,869,872,877,876,869,874,875,877,872,876,878,875,872,871,873,874
dxjo3a,51,79,114,169,225,272,334,411,551,743,1062,1506,1848,2115,2325,2599,2910,3300,3569,3757,3899,4141,4317,4438,4578,4692,4807,4904,4991,5080,5163,5233,5301,5350,5398,5439,5468,5491,5511,5531,5540,5563,5575,5597,5603,5616,5621,5622,5629
dxjm6q,8,8,7,7,6,8,6,8,5,8,7,8,5,8,6,6,6,7,7,7,8,7,9,8,8,7,9,7,8,8,8,7,7,9,9,8,8,8,9,7,8,7,9,10,9,9,9,7,8
dxjlo9,4,5,6,5,5,2,3,3,3,2,3,2,3,4,3,2,2,3,2,4,2,4,3,3,3,4,3,2,4,3,2,3,3,3,4,3,3,2,3,4,3,3,3,3,2,3,3,4,4
dxjjy9,34,43,44,47,45,45,42,46,43,43,45,46,47,47,43,46,42,41,47,44,48,42,46,45,48,48,47,48,43,48,48,46,43,48,46,43,46,44,49,49,47,44,42,45,46,43,46,47,45
dxjil8,16,18,20,21,20,20,21,20,19,20,20,20,21,21,19,21,20,21,20,20,21,21,22,21,20,21,20,22,22,21,21,20,22,20,21,21,21,21,22,21,20,20,20,20,20,21,20,21,21
dxjiej,14,17,19,19,21,19,21,20,26,25,26,27,27,29,28,29,26,27,28,26,26,28,33,29,26,28,27,30,29,27,28,26,33,30,28,31,29,31,28,27,28,28,31,31,31,30,28,29,28
dxjhls,16,21,26,20,21,26,27,25,22,25,26,31,27,30,29,27,28,31,29,31,30,32,32,34,31,29,28,31,34,31,27,30,34,34,34,35,32,34,32,30,33,31,30,34,35,30,34,34,31
dxjh3v,66,117,189,307,418,538,738,1083,1587,2288,2858,2887,2909,2918,2918,2925,2917,2920,2929,2927,2927,2927,2933,2931,2934,2929,2932,2933,2933,2936,2933,2937,2935,2936,2936,2935,2933,2935,2936,2934,2931,2935,2939,2933,2938,2935,2936,2932,2932
dxjeag,11,13,14,11,13,12,15,13,14,14,12,15,14,14,12,12,12,13,12,14,11,13,13,15,13,13,12,13,11,14,14,12,14,13,13,15,11,13,14,12,13,14,13,13,12,13,11,13,14
dxje56,87,170,232,315,382,444,534,658,808,1080,1507,2013,2509,2798,3049,3378,3799,4278,4628,4830,5001,5300,5501,5640,5809,5948,6072,6182,6303,6406,6498,6582,6679,6749,6816,6866,6913,6951,6968,7003,7031,7068,7073,7093,7091,7112,7118,7118,7125
dxjdpl,0,0,0,0,0,0,0,0,0,2,2,1,0,1,0,1,0,0,0,0,1,0,0,0,0,0,0,0,0,0,0,0,0,0,0,0,0,0,0,0,0,0,0,0,0,0,0,0,0
dxjdgd,17,19,21,22,24,26,29,25,29,29,30,33,31,28,33,34,31,31,32,34,34,35,33,34,33,31,31,33,31,34,29,34,31,35,33,33,34,32,32,33,36,33,35,33,34,33,32,34,29
dxjdea,18,24,26,25,27,30,26,26,31,32,34,35,35,36,33,36,35,34,34,33,35,32,39,35,36,37,38,35,38,40,38,38,36,39,39,37,35,40,37,33,33,39,37,34,37,34,40,38,39
dxjcx2,10,12,10,11,11,10,10,10,9,11,8,8,8,9,9,7,8,8,8,10,8,11,9,9,10,9,9,11,8,11,7,8,9,7,9,10,8,8,8,7,9,9,10,8,9,10,7,10,8
dxjcsj,7,6,7,10,8,9,7,11,10,9,11,10,8,9,10,7,10,8,10,9,10,11,10,7,8,8,9,9,8,10,11,8,11,10,10,10,7,8,10,7,9,11,8,9,8,10,8,9,9
dxjb2p,12,15,17,19,18,23,23,23,26,26,24,24,22,27,26,23,25,27,23,21,21,23,23,18,22,21,18,21,24,21,17,23,18,20,25,21,24,22,21,24,19,24,24,22,23,25,21,23,23
dxj81i,21,22,27,30,30,33,31,35,35,33,40,41,39,42,44,38,44,37,44,45,44,41,42,44,43,41,43,41,46,45,41,42,43,45,48,43,48,48,50,47,50,51,47,45,50,44,49,47,50
dxj6mv,15,18,17,18,17,16,14,16,14,16,16,16,17,19,18,15,14,16,14,16,16,15,15,16,18,14,18,16,18,15,18,17,16,16,15,17,16,16,16,16,15,18,16,17,14,14,15,16,15
dxj6kq,1,2,2,2,3,0,3,0,1,1,0,0,0,0,0,0,0,0,0,1,0,0,0,0,0,0,0,0,0,0,0,0,0,0,0,0,0,0,0,1,0,0,0,0,0,0,0,0,0
dxj66r,11,11,13,14,14,15,15,15,15,14,15,16,16,17,15,15,15,15,14,15,17,17,15,14,15,16,14,16,14,14,15,13,14,16,15,16,15,14,16,16,15,16,16,17,15,17,14,15,16
dxj601,16,16,15,16,17,18,21,18,22,21,17,19,19,18,17,17,17,19,16,18,19,20,19,21,23,26,23,22,24,21,29,25,26,26,26,27,28,28,28,27,24,26,24,26,24,29,27,25,24
dxj57o,39,44,46,50,51,53,52,60,61,63,64,64,67,66,66,72,70,70,66,68,72,68,68,66,70,65,70,67,65,71,69,67,68,69,68,66,69,72,67,70,69,73,72,67,73,72,73,71,69
dxj4qm,0,0,0,0,0,0,0,0,0,0,0,0,0,0,0,0,0,0,0,0,0,0,0,0,0,0,0,0,0,0,0,0,0,0,0,0,0,0,0,0,0,0,0,0,0,0,0,0,0
dxj3jo,29,30,33,34,35,32,31,32,36,37,30,36,35,35,36,30,33,31,32,30,32,30,36,31,33,31,35,29,33,31,35,35,33,34,32,32,35,32,36,36,36,34,33,34,30,33,31,37,36
dxj2ub,11,9,8,8,11,8,9,8,10,11,7,8,10,8,6,8,9,7,6,7,7,7,7,8,5,7,8,8,9,7,9,8,9,9,5,6,8,7,7,8,6,8,9,5,8,6,5,6,6
dxj2c0,10,11,10,9,11,11,11,15,12,12,13,13,14,14,13,13,12,13,12,11,14,14,14,13,13,15,12,14,16,14,14,13,14,16,15,14,15,13,14,13,15,16,16,14,16,13,16,14,13
dxj26d,26,30,32,33,36,38,44,43,42,43,45,44,41,43,45,42,40,45,44,40,39,41,40,40,41,42,46,43,45,46,45,41,42,44,44,42,42,44,42,46,43,43,48,47,44,45,46,42,40
dxj0zu,3,3,2,0,1,2,4,3,1,3,1,1,2,2,1,2,4,2,1,2,2,3,2,2,2,4,2,1,2,3,3,2,2,0,1,0,1,3,2,0,3,2,3,3,2,1,2,2,2
dxj0he,14,14,15,14,15,14,16,13,15,14,16,16,13,15,17,16,19,17,18,18,17,17,15,16,16,16,15,16,18,17,17,18,17,19,18,15,16,16,15,17,18,18,17,17,18,16,16,17,18
dxj0hp,242,332,329,328,325,330,325,320,329,318,326,333,322,325,331,327,326,330,327,330,324,329,331,332,327,332,331,325,330,328,329,327,328,326,333,333,326,332,330,333,326,330,333,326,330,328,327,329,329
dxj032,35,37,42,46,50,53,49,53,54,62,62,59,62,64,63,65,65,67,65,71,66,66,68,65,63,65,69,66,68,65,70,67,67,66,65,67,70,69,67,70,72,69,69,71,66,71,72,68,65
dxizzf,10,7,6,9,10,9,11,10,12,9,11,11,11,11,9,8,10,10,9,10,10,10,9,11,10,11,8,10,9,10,11,11,12,10,10,11,10,12,9,8,11,10,12,10,10,11,10,11,9
dxizjg,99,123,146,180,220,261,293,356,424,537,677,846,1010,1099,1175,1263,1376,1506,1609,1671,1737,1819,1882,1932,1974,2020,2068,2105,2161,2197,2230,2257,2260,2274,2301,2318,2324,2331,2349,2342,2350,2357,2365,2369,2374,2372,2379,2379,2380
dxiyae,4,3,2,3,2,3,1,3,2,1,4,5,3,3,4,4,3,5,1,3,2,4,2,1,4,3,5,5,4,3,3,2,3,5,2,3,5,1,5,2,3,4,2,4,3,2,2,5,2
dxiwm4,9,8,8,9,8,8,7,8,7,10,10,8,9,8,8,6,9,8,9,9,6,7,9,10,9,8,7,9,8,6,8,6,8,6,8,8,8,8,7,8,8,8,9,7,6,7,7,10,8
dxivbk,10,10,7,10,10,11,10,12,10,10,11,10,11,12,12,12,12,10,13,10,10,14,14,10,14,10,14,11,12,14,12,14,10,13,11,10,13,12,13,12,11,13,11,10,13,11,13,11,13
dxiuka,7,8,8,7,7,7,7,8,6,7,7,6,8,6,9,6,7,7,6,7,5,7,7,7,6,6,7,9,7,6,7,6,5,5,6,6,6,7,8,6,7,8,7,5,10,9,8,9,9
dxiu1o,24,25,29,34,34,36,37,39,39,41,45,43,47,47,48,48,50,51,52,53,53,53,52,54,53,55,54,52,55,55,53,53,52,56,56,57,55,54,56,53,57,52,57,53,55,55,56,54,52
dxit3b,12,12,10,9,12,9,8,8,12,10,9,11,14,11,13,10,9,13,11,10,9,13,10,11,11,10,11,12,12,12,11,11,11,12,11,12,11,10,13,13,12,12,14,13,11,11,13,13,11
dxisx1,21,18,18,20,20,19,19,18,22,21,20,19,19,20,18,17,18,17,16,16,17,15,15,18,17,18,17,18,16,19,18,17,16,18,18,16,18,17,17,17,16,15,17,18,18,15,16,18,16
dxishg,10,12,14,15,18,19,18,17,16,18,17,20,16,19,20,21,18,19,18,18,16,18,18,18,15,18,16,19,17,17,17,19,18,18,18,17,18,16,16,16,16,17,16,17,17,18,15,16,18
dxirlb,11,11,13,15,16,14,17,17,12,13,13,14,12,12,14,11,12,13,14,11,13,13,15,12,14,13,14,11,14,13,14,13,14,11,14,15,12,14,11,12,14,11,13,14,11,15,14,14,14
dxir0w,0,0,0,0,0,0,0,0,0,0,0,0,0,0,0,0,0,0,0,0,0,0,0,0,0,0,0,0,0,0,0,0,0,0,0,0,0,0,0,0,0,0,0,0,0,0,0,0,0
dxir1i,26,19,23,25,21,24,24,25,25,27,25,25,27,26,25,25,25,28,24,29,25,23,25,24,24,27,29,26,24,28,23,23,29,26,31,25,27,28,27,25,28,24,27,28,24,30,27,30,25
dxio65,0,0,0,0,0,0,0,0,0,0,0,0,0,0,0,0,0,0,0,0,0,0,0,0,0,0,0,0,0,0,0,0,0,0,0,0,0,0,0,0,0,0,0,0,0,0,0,0,0
dxio7e,96,115,140,177,208,217,232,255,259,260,261,261,254,260,258,258,266,258,256,255,263,263,258,262,260,264,262,260,259,263,261,269,265,266,263,260,260,267,263,259,258,261,269,264,265,263,261,265,264
dxin2g,30,33,36,40,41,35,38,40,41,41,44,45,41,42,43,47,43,42,46,46,45,49,49,49,43,47,46,46,46,43,45,49,43,48,46,44,47,45,49,50,46,50,47,46,47,51,49,47,48
dximtr,92,98,109,130,136,141,146,152,149,145,147,146,151,153,153,153,153,145,148,149,153,150,149,147,147,145,147,151,153,146,148,152,147,152,145,151,150,149,149,146,150,147,149,149,148,149,151,153,150
dximjs,14,13,14,14,16,14,17,14,13,16,15,15,15,14,17,17,16,17,18,17,16,17,14,16,17,16,16,16,14,17,19,18,17,17,17,17,17,17,17,15,16,17,17,18,16,17,17,18,19
dximek,7,6,8,9,9,8,8,7,7,7,9,8,8,6,8,7,6,6,5,6,6,6,4,3,3,5,7,6,5,4,4,4,5,3,4,3,2,3,2,3,2,3,5,4,4,3,5,2,2
dxim77,17,16,16,14,15,14,15,15,16,14,15,16,16,14,15,14,15,15,17,18,15,15,17,18,14,17,15,14,15,17,15,18,15,15,16,15,16,16,17,16,16,17,17,17,16,14,17,16,15
dxim76,13,13,13,14,13,14,13,13,14,11,10,14,13,13,14,15,12,13,14,14,12,11,11,13,14,12,13,14,12,13,13,12,14,12,13,14,13,15,13,14,14,16,14,13,15,14,16,14,12
dxikzq,1,0,0,0,1,0,0,0,1,1,0,0,0,0,0,0,1,0,2,1,0,1,0,0,1,1,0,0,2,0,0,0,0,0,0,1,0,1,0,1,0,0,0,0,0,0,1,0,0
dxikpi,10,5,7,6,4,6,6,6,5,4,8,6,6,5,8,7,7,5,7,7,5,5,5,5,5,6,5,4,6,6,5,7,7,7,6,8,7,6,7,6,6,4,6,6,5,6,7,6,7
dxijq9,8,7,6,10,9,10,9,6,8,8,8,8,9,7,9,8,9,8,8,6,7,6,10,8,8,8,9,7,8,10,6,6,10,8,8,8,9,8,7,8,8,9,7,7,8,7,10,8,7
dxiiqd,171,207,249,317,375,416,474,544,557,562,561,560,562,564,558,566,561,564,563,568,571,569,574,574,571,568,563,564,572,572,572,568,570,569,573,568,568,572,566,569,571,569,571,566,567,572,569,566,573
dxihhm,9,15,10,11,12,16,13,11,13,10,11,14,15,12,10,14,11,12,11,11,16,15,9,14,12,13,14,12,11,12,15,11,11,13,13,14,10,14,13,16,15,12,10,12,11,12,14,12,11
dxig6b,6,7,6,6,8,6,9,6,7,7,9,9,7,10,7,8,8,6,9,9,8,6,7,6,5,7,7,7,8,9,9,6,6,8,5,7,7,6,5,8,7,7,7,6,7,9,5,7,8
dxih17,5,6,5,6,5,4,7,3,6,3,5,3,6,5,7,4,7,7,8,6,7,8,5,6,7,7,6,6,5,6,7,5,8,5,5,8,7,5,5,5,6,6,4,5,6,8,6,6,8
dxigtn,0,0,0,0,0,0,0,0,0,0,0,0,0,0,0,0,0,0,0,0,0,0,0,0,0,0,0,0,0,0,0,0,0,0,0,0,0,0,0,0,0,0,0,0,0,0,0,0,0
dxifyo,15,16,16,15,16,14,17,17,17,16,17,16,15,17,15,14,17,16,15,16,16,18,16,18,16,16,15,16,15,17,16,17,15,14,17,16,15,18,17,15,17,16,17,15,17,15,14,18,15
dxif4q,6,6,7,7,10,7,10,9,7,9,10,10,8,10,10,7,7,9,11,10,8,9,9,8,9,9,8,8,11,11,10,9,8,8,10,9,10,10,9,9,8,9,9,9,7,11,9,10,8
dxiexe,12,14,13,14,16,12,13,13,9,12,12,14,12,12,13,12,12,14,13,13,12,14,12,10,12,11,13,13,11,14,9,14,14,14,9,11,15,17,14,13,15,14,15,12,14,14,14,12,15
dxieex,0,0,0,0,0,0,1,0,0,0,0,0,0,0,0,0,0,0,0,0,0,0,0,0,0,0,0,0,0,0,0,0,0,0,0,0,0,0,0,0,0,0,0,0,0,0,0,0,0
dxiecc,19,21,25,24,29,31,32,28,32,30,32,31,37,32,36,34,34,35,36,30,33,32,35,37,33,38,36,34,34,34,36,35,31,30,35,37,37,33,32,29,29,36,36,34,33,35,36,33,32
dxicvj,773,1120,1160,1167,1161,1163,1171,1165,1168,1168,1164,1168,1166,1170,1167,1175,1172,1173,1177,1180,1175,1184,1182,1176,1177,1179,1179,1176,1182,1184,1188,1181,1184,1182,1176,1182,1179,1187,1183,1183,1184,1183,1177,1182,1182,1176,1181,1178,1187
dxic6n,19,19,19,22,19,19,19,19,20,20,19,24,23,21,23,22,22,21,22,24,23,24,22,25,24,23,25,25,22,24,24,26,24,23,23,24,21,24,23,22,21,24,24,23,24,23,24,23,22
dxic4k,18,17,17,16,16,14,19,18,17,17,17,17,17,17,17,16,17,15,16,16,17,14,18,16,17,17,17,17,16,16,16,15,17,16,16,18,14,14,15,14,17,16,16,16,15,15,16,17,15
dxib0w,22,21,20,20,21,18,21,21,23,21,22,23,22,24,26,24,23,26,23,27,23,25,24,23,25,26,24,25,25,24,26,24,25,25,22,22,23,24,22,23,24,23,24,23,26,24,24,24,24
dxibpo,11,9,11,9,10,10,9,9,10,8,8,8,8,9,8,9,7,7,8,8,7,7,8,7,6,5,8,5,7,6,6,8,6,7,7,6,5,7,8,7,6,8,5,9,8,7,7,8,7
dxibdt,14,14,14,12,13,13,12,13,14,14,14,15,13,14,14,16,16,13,12,12,18,13,14,15,12,15,11,11,13,13,12,13,10,11,14,11,16,13,11,17,16,16,13,12,14,12,14,14,11
dxia4m,36,35,43,49,51,54,55,53,56,60,59,57,59,59,59,63,59,60,62,58,59,63,59,61,59,58,63,60,61,57,62,60,61,63,62,59,60,60,59,62,58,58,64,60,61,62,58,62,57
dxi91g,54,57,57,65,61,69,65,75,73,76,74,74,80,78,76,74,74,74,77,75,75,81,81,78,80,78,77,81,80,82,81,82,78,80,80,76,83,81,76,82,79,80,83,82,81,79,77,84,79
dxi91y,127,158,179,220,252,268,289,311,328,348,392,423,439,451,461,469,486,498,507,514,526,538,536,543,546,545,554,555,560,565,572,571,574,577,576,578,583,584,583,585,591,588,589,593,594,586,593,593,585
dxi8pp,79,83,92,99,104,109,116,121,124,124,136,135,139,141,142,146,143,145,153,148,149,154,146,148,150,149,151,151,158,155,156,152,155,156,154,156,152,155,152,155,156,159,155,156,157,159,156,153,155
dxi8kj,31,33,32,34,37,39,38,40,42,43,42,43,39,44,43,44,40,42,43,45,46,43,43,46,42,44,42,46,44,47,47,41,42,45,41,42,46,48,43,43,44,43,47,42,45,45,45,42,44
dxi85j,2,1,1,1,1,2,2,2,2,2,2,2,2,2,2,2,2,2,2,2,2,2,2,2,2,2,2,2,2,2,2,2,2,2,2,2,2,2,2,2,2,2,2,2,2,2,2,2,2
dxi7l4,7,7,9,8,7,8,9,8,9,8,9,11,10,11,12,10,9,11,11,10,9,10,11,8,9,11,11,10,9,7,11,9,11,9,8,9,7,10,8,9,9,9,9,10,8,8,8,10,8
dxi7fi,312,410,415,414,417,415,419,414,414,415,416,417,417,416,411,418,416,417,412,419,416,418,415,418,417,420,423,423,418,425,423,419,422,421,415,415,425,424,420,422,419,420,417,424,423,416,422,420,418
dxi5vj,115,134,152,163,175,185,186,190,205,215,226,238,248,246,249,256,256,260,263,266,269,277,273,281,280,282,277,277,286,288,286,289,287,289,294,293,292,289,292,292,288,296,293,295,289,295,289,288,295
dxi5ik,10,7,8,8,6,7,5,6,6,9,6,7,8,9,9,9,6,9,8,7,8,7,8,10,9,8,9,7,10,10,9,8,11,10,9,10,10,10,10,9,11,9,9,8,10,10,7,11,10
dxi4kg,13,17,15,14,13,16,15,17,18,17,15,17,16,16,16,16,15,14,18,18,17,16,18,16,17,17,17,16,18,16,16,17,17,17,18,17,17,15,18,16,17,16,16,18,18,17,18,17,17
dxi34d,35,39,39,39,35,41,38,37,39,44,39,39,45,38,39,43,41,46,49,44,45,46,47,43,50,50,44,42,44,46,48,46,46,46,45,47,44,47,50,47,46,45,48,44,46,50,47,43,49
dxi337,26,24,23,26,25,24,27,25,25,26,27,25,25,26,25,25,25,24,26,26,26,24,26,28,26,26,25,26,28,27,31,30,24,24,24,30,30,25,27,31,28,28,26,25,29,28,30,28,30
dxi2zw,4,5,6,4,4,5,7,6,4,5,6,5,5,5,5,6,4,4,3,4,6,5,6,5,4,6,4,6,6,5,4,7,5,3,5,4,6,7,4,4,7,4,6,3,4,3,7,5,4
dxi1lg,253,304,353,411,462,489,515,557,576,578,580,579,579,583,581,579,579,580,575,584,576,584,578,587,586,586,582,586,580,582,585,586,585,586,580,585,583,584,582,587,587,591,589,581,584,581,585,584,586
dxi1k9,148,174,212,260,294,316,334,363,395,432,496,535,566,578,584,617,635,650,660,675,687,709,715,726,728,741,750,757,764,771,772,780,785,781,788,791,790,788,792,793,794,801,796,804,800,797,803,800,800
dxi1e9,30,31,31,30,33,31,35,38,34,38,40,40,38,39,45,43,42,37,42,43,45,40,44,45,41,44,39,44,41,41,42,40,39,41,43,39,43,37,39,41,39,45,39,42,42,41,41,41,45
