id,0,1,2,3,4,5,6,7,8,9,10,11,12,13,14,15,16,17,18,19,20,21,22,23,24,25,26,27,28,29,30,31,32,33,34,35,36,37,38,39,40,41,42,43,44,45,46,47,48
dv71zt,3,12,13,12,10,11,11,8,11,11,13,13,13,11,12,13,12,13,12,13,13,13,13,13,12,14,13,13,14,13,11,14,13,14,13,13,13,15,16,15,12,14,13,16,16,14,13,15,14
dv6yta,20,41,45,43,47,44,45,46,47,48,49,46,48,47,49,45,51,47,46,45,46,48,46,50,47,49,45,49,49,48,48,47,46,47,47,51,49,47,46,46,47,46,51,50,47,49,45,47,48
dv6yrf,11,21,24,26,28,26,30,30,27,29,25,27,30,28,25,27,27,26,32,29,28,29,32,30,33,27,30,27,33,32,27,31,27,32,32,31,32,31,33,28,31,29,31,34,29,30,30,30,31
dv6ydy,9,13,14,15,14,17,14,14,17,16,18,15,16,17,14,14,13,13,14,15,15,16,17,17,14,12,15,13,13,15,14,15,13,14,15,12,12,13,15,15,15,13,14,15,14,15,14,14,15
dv6xlc,31,47,84,110,117,123,140,154,164,172,185,195,203,207,207,211,210,212,209,216,215,212,212,217,213,212,212,210,215,216,213,212,212,216,214,214,215,214,210,211,215,217,218,215,213,215,214,216,216
dv6x8j,0,0,0,0,0,0,0,0,0,0,0,0,0,0,0,0,0,0,0,0,0,0,0,0,0,0,0,0,0,0,0,0,0,0,0,0,0,0,0,0,0,0,0,0,0,0,0,0,0
dv6wgw,29,41,57,69,78,90,104,130,164,184,232,302,338,381,408,440,474,504,548,597,599,606,625,648,662,689,707,729,752,771,780,780,783,790,803,803,808,811,815,819,822,823,822,827,828,822,829,831,832
dv6u9m,28,42,47,54,54,63,65,74,80,84,84,90,88,95,94,99,97,100,111,110,112,112,114,115,117,113,117,120,121,121,122,116,122,120,122,123,121,119,124,122,122,122,125,120,118,118,122,116,123
dv6sfy,0,0,0,0,0,0,0,0,0,0,0,0,0,0,0,0,0,0,0,0,0,0,0,0,0,0,0,0,0,0,0,0,0,0,0,0,0,0,0,0,0,0,0,0,0,0,0,0,0
dv6r2i,12,11,13,14,15,14,11,12,13,12,10,11,10,13,10,8,9,12,9,11,10,11,9,11,10,9,10,9,12,9,10,8,10,10,11,12,9,10,9,8,12,12,11,11,12,9,9,9,8
dv6quj,13,12,15,11,12,3,8,13,13,10,14,12,11,8,10,11,11,11,9,11,8,10,9,10,10,11,9,14,7,11,14,10,8,7,15,11,13,12,11,8,12,14,13,10,10,10,9,12,8
dv6pgc,8,10,10,11,10,11,11,12,12,12,11,11,11,10,11,11,11,11,11,10,12,10,11,10,12,11,10,11,11,12,11,11,11,11,12,11,12,11,11,11,11,11,12,11,10,11,11,11,11
dv6oh8,84,164,191,193,191,195,190,192,195,188,192,192,188,189,193,194,190,189,190,191,192,192,191,188,191,194,190,194,195,187,190,190,193,190,194,191,192,193,188,190,190,193,194,191,188,191,194,190,192
dv6n3n,18,20,25,25,24,26,26,26,28,34,30,30,32,26,25,26,32,28,29,28,29,28,30,28,28,27,28,27,29,25,27,25,23,24,25,26,28,30,32,30,30,25,28,25,27,24,27,25,26
dv6mzp,24,29,31,28,30,34,33,32,32,37,35,32,32,34,33,33,35,35,35,33,37,34,37,40,38,36,37,39,33,36,36,33,37,32,33,38,38,37,34,34,37,32,34,35,31,31,35,37,37
dv6muj,2,2,2,3,2,2,3,1,3,2,1,1,1,1,1,0,0,0,0,0,0,0,0,0,0,0,0,0,0,0,0,0,0,0,0,0,0,0,0,0,0,0,0,0,0,0,0,0,0
dv6md4,5,6,6,7,5,5,6,6,6,6,5,7,7,6,6,7,6,6,5,6,6,7,6,6,6,5,6,7,6,6,6,7,6,7,5,5,6,7,6,6,6,6,6,7,5,6,7,6,6
dv6jkg,13,14,16,17,17,15,15,14,16,15,17,14,17,15,16,16,16,15,16,16,16,16,17,16,18,16,16,16,15,15,16,15,15,14,18,17,17,17,16,15,16,18,17,16,17,16,15,18,18
dv6jdg,29,28,32,30,33,36,43,44,41,43,43,45,47,52,51,53,49,52,54,57,61,58,58,63,61,64,61,64,62,59,58,65,61,63,62,63,60,61,58,62,65,63,64,62,64,63,66,66,62
dv6ifj,3,2,2,2,2,2,2,1,1,2,2,3,1,0,3,1,2,2,3,2,1,1,2,3,3,2,1,3,2,3,1,1,0,1,4,2,3,3,4,2,2,1,3,4,4,3,0,4,2
dv6i25,56,69,79,77,79,82,85,88,93,96,92,92,95,95,94,99,98,96,95,94,99,94,97,97,102,96,100,97,100,97,101,100,96,96,96,98,99,97,101,101,100,97,101,99,96,98,99,97,97
dv6gvj,13,15,16,16,15,15,16,13,12,12,14,12,14,13,13,14,13,15,14,15,15,13,13,15,13,13,11,14,13,12,15,12,14,15,14,13,13,12,14,12,15,14,13,13,14,13,13,15,15
dv6f3b,39,38,39,40,36,39,34,39,39,42,38,40,39,35,38,38,41,39,40,34,41,41,38,38,40,39,36,38,37,40,37,35,35,41,39,39,39,39,36,39,37,39,34,37,39,39,41,40,35
dv6csf,34,42,41,42,42,41,42,36,41,44,38,34,36,36,39,40,42,38,35,37,41,37,42,39,40,42,39,41,36,37,36,37,42,38,37,39,41,38,40,42,36,37,41,41,41,39,38,37,43
dv6cd4,133,174,191,217,227,229,231,225,227,229,226,229,227,224,225,225,224,227,228,227,224,228,229,226,229,224,224,224,225,223,229,227,227,228,227,225,224,228,229,227,230,225,229,229,228,228,229,228,228
dv6c2j,14,16,16,16,15,16,17,16,17,18,18,18,16,18,14,14,16,16,16,18,16,18,17,17,18,15,14,15,16,16,14,16,17,19,13,15,17,13,19,16,16,17,13,15,15,18,18,14,16
dv6b2s,0,0,0,0,0,0,0,0,0,0,0,0,0,0,0,0,0,0,0,0,0,0,0,0,0,0,0,0,0,0,0,0,0,0,0,0,0,0,0,0,0,0,0,0,0,0,0,0,0
dv6auc,60,66,69,75,75,75,79,89,96,97,101,113,119,119,126,129,129,135,138,143,142,142,146,145,144,141,150,151,150,150,147,145,146,153,148,151,149,146,149,150,149,152,150,148,154,152,153,149,150
dv6akq,182,212,250,284,333,385,420,418,415,417,413,417,418,416,413,419,422,417,423,416,420,418,420,420,422,417,423,419,423,420,418,425,423,423,426,421,416,418,418,419,426,427,422,421,421,422,427,418,420
dv67cf,54,55,58,59,59,64,62,65,67,62,65,67,68,65,62,66,64,63,65,64,64,67,65,66,63,60,65,66,61,62,65,65,63,67,64,61,64,67,62,61,64,64,63,63,62,64,61,66,62
dv668r,18,20,22,23,28,27,27,28,28,28,29,27,31,27,32,29,27,33,29,29,30,31,31,31,27,29,28,30,29,28,26,29,30,29,28,30,30,31,26,25,29,25,32,28,29,30,30,31,31
dv655h,53,53,57,66,65,70,70,69,72,76,81,85,90,90,91,85,91,86,87,85,90,90,92,89,92,89,90,89,88,86,89,87,89,88,89,85,86,89,87,89,86,89,89,85,90,86,89,88,86
dv63pe,30,31,31,29,32,33,38,36,39,45,49,45,48,43,45,46,48,41,42,43,42,42,43,45,44,42,46,48,46,45,48,45,45,50,49,45,45,45,44,45,46,47,47,47,48,45,49,46,47
dv63lm,52,53,54,55,57,61,58,53,58,56,55,58,53,54,56,57,58,58,57,57,52,55,58,53,58,57,54,59,58,60,57,55,53,57,58,56,58,56,58,59,58,57,58,55,61,56,54,54,56
dv60pq,12,12,14,14,15,13,15,13,13,13,14,13,12,11,11,12,11,12,15,14,14,14,15,15,13,14,14,16,15,14,14,16,17,15,13,13,13,14,15,15,15,13,14,17,14,14,15,16,14
dv5zbg,105,114,121,128,133,139,149,154,154,155,159,156,154,154,155,153,158,152,156,153,152,155,157,156,153,152,153,155,153,153,154,155,156,151,151,157,154,151,155,153,157,154,151,156,152,152,155,153,156
dv5xz5,0,1,0,0,0,0,1,1,1,1,1,1,2,1,0,0,1,1,0,0,1,0,1,0,0,1,0,0,0,0,0,1,0,2,1,0,2,3,2,1,0,2,0,1,2,0,1,0,1
dv5wep,12,11,17,17,15,14,13,17,16,15,16,16,15,17,15,14,17,15,17,17,16,16,15,17,16,16,17,17,18,17,16,17,16,18,16,15,16,16,16,15,15,17,16,17,16,16,14,14,18
dv5tur,354,417,488,593,715,901,1177,1558,2164,3144,4869,7529,8915,9147,9229,9266,9298,9311,9342,9355,9353,9352,9362,9368,9377,9381,9372,9391,9399,9395,9406,9404,9416,9407,9412,9415,9418,9415,9415,9419,9414,9417,9426,9423,9422,9422,9423,9423,9422
dv5tii,66,67,64,66,66,67,62,59,63,64,62,59,60,63,60,64,62,59,66,64,61,62,61,62,60,61,61,64,63,63,62,61,61,61,62,65,59,62,58,60,62,61,63,65,62,63,61,59,63
dv5ryr,68,67,73,79,82,82,91,94,102,111,116,121,127,127,136,136,138,139,145,148,154,153,156,152,148,154,159,157,156,158,157,160,155,153,158,156,154,159,157,153,158,157,157,158,155,158,160,156,157
dv5rou,77,83,85,87,85,87,87,83,88,89,91,86,87,91,87,89,87,85,86,88,89,87,87,85,89,89,90,87,86,91,86,88,83,90,86,87,84,86,85,88,87,87,87,90,88,88,86,87,84
dv5r91,6,6,6,6,7,6,7,7,8,7,6,7,7,7,6,7,6,7,7,6,7,6,7,6,5,6,7,6,6,5,6,6,5,6,6,6,5,5,7,5,6,6,6,6,5,5,5,4,5
dv5quj,143,166,177,204,227,251,251,251,248,247,252,252,248,251,249,252,246,249,250,249,250,252,251,252,254,248,252,248,250,254,249,250,250,253,247,249,254,250,251,249,248,248,251,250,253,249,248,253,248
dv5p90,9,12,11,12,11,12,13,13,12,12,11,12,11,10,10,10,11,13,13,13,12,12,13,13,15,14,15,14,14,13,13,15,13,15,15,15,16,17,17,16,16,16,17,16,15,16,15,16,16
dv5om8,114,123,135,147,157,168,189,221,245,285,352,441,489,522,544,574,592,623,680,713,718,723,759,780,799,822,837,863,870,889,904,910,924,933,939,945,945,953,954,957,959,962,967,968,984,985,976,982,981
dv5mhk,17,15,17,16,16,19,18,15,17,17,20,16,20,19,19,16,15,17,17,19,18,18,19,17,19,18,21,18,19,18,19,20,18,18,20,17,19,21,18,18,19,17,20,18,20,19,21,17,19
dv5ltv,61,66,66,74,72,76,79,74,75,81,78,87,88,93,89,90,95,93,94,97,95,95,99,104,105,107,108,106,107,109,107,110,108,108,110,109,110,113,111,110,112,110,113,110,111,110,113,112,112
dv5iyu,33,31,34,35,35,36,36,34,38,39,39,38,36,41,36,36,36,38,38,38,37,36,41,37,40,38,35,38,34,35,36,40,40,34,40,41,37,39,39,41,37,37,40,40,39,37,42,40,37
dv5gno,22,20,23,20,19,25,24,18,24,18,23,21,22,22,23,20,22,24,24,20,23,23,28,28,28,25,30,28,28,27,31,32,29,25,24,24,29,28,24,32,30,31,29,29,28,29,31,24,27
dv5gjp,8,10,9,10,8,8,7,7,9,10,9,9,8,11,11,10,10,10,11,12,13,9,11,10,11,10,11,11,10,10,10,11,11,13,10,12,13,12,13,13,12,11,11,12,10,12,12,14,12
dv5dxa,8,13,12,11,11,12,10,9,9,8,9,8,7,9,8,8,8,11,9,10,10,11,12,8,11,9,10,12,12,11,8,12,9,9,10,10,8,11,7,9,8,9,9,9,11,11,10,8,10
dv5bma,16,17,16,14,17,15,16,15,18,15,20,18,18,21,18,19,22,21,20,19,19,19,21,20,20,21,22,21,21,21,21,21,21,20,23,19,21,23,19,21,22,19,21,23,20,23,21,19,20
dv5b58,67,69,74,70,74,72,72,76,74,72,78,73,76,73,73,74,77,71,76,73,73,78,71,73,75,73,76,76,77,75,74,73,74,76,73,76,76,75,73,77,74,73,75,75,75,75,75,77,73
dv5axk,13,13,12,16,15,13,13,12,14,14,13,11,13,15,15,15,13,14,14,17,18,18,19,19,16,17,16,20,18,17,18,20,16,20,16,16,19,20,20,20,20,19,17,20,18,17,19,19,19
dv55kw,0,0,0,0,0,0,0,0,0,0,0,0,0,0,0,0,0,0,0,0,0,0,0,0,0,0,0,0,0,0,0,0,0,0,0,0,0,0,0,0,0,0,0,0,0,0,0,0,0
dv540q,226,246,268,290,315,359,406,477,580,690,818,1013,1067,1063,1072,1071,1073,1066,1071,1068,1073,1075,1075,1078,1075,1074,1075,1078,1074,1074,1078,1074,1072,1074,1076,1079,1078,1078,1082,1081,1078,1076,1076,1073,1075,1077,1080,1082,1075
dv53za,0,0,0,0,0,0,0,0,0,0,0,0,0,0,0,0,0,0,0,0,0,0,0,0,0,0,0,0,0,0,0,0,0,0,0,0,0,0,0,0,0,0,0,0,0,0,0,0,0
dv53d4,4,4,4,4,3,4,4,4,4,4,4,5,5,5,4,4,4,4,5,4,5,4,5,5,4,4,4,4,5,4,3,3,5,4,5,4,3,4,4,4,5,4,5,3,4,4,4,3,4
dv52w8,7,7,9,5,6,9,4,6,7,5,5,8,5,7,4,4,6,5,6,5,8,7,8,7,5,8,4,8,6,4,6,5,5,5,7,4,6,5,3,6,4,5,6,6,4,6,5,4,6
dv52hy,16,18,17,13,14,15,11,10,12,16,15,13,12,11,14,13,16,14,14,14,12,14,13,14,14,11,12,15,15,14,14,16,12,11,18,11,15,14,12,17,13,12,13,13,15,15,18,15,16
dv52as,14,13,15,13,15,16,15,17,14,14,14,13,14,15,15,15,16,14,16,14,16,13,16,14,15,13,16,14,14,17,16,14,14,16,17,17,15,16,13,13,13,14,15,16,15,14,15,14,15
dv518e,15,16,18,19,17,17,19,16,17,15,16,16,17,18,14,15,13,16,16,12,11,14,14,18,14,11,16,11,14,11,15,15,12,12,14,10,12,11,10,14,9,12,12,14,11,15,16,12,14
dv4zmt,106,107,126,129,134,144,147,163,174,186,192,215,217,231,235,242,245,252,255,260,260,262,267,275,283,284,291,287,302,307,301,303,302,303,305,294,297,300,300,300,305,302,308,300,304,306,308,306,307
dv4z69,0,0,0,0,0,0,0,0,0,0,0,0,0,0,0,0,0,0,0,0,0,0,0,0,0,0,0,0,0,0,0,0,0,0,0,0,0,0,0,0,0,0,0,0,0,0,0,0,0
dv4yjn,286,306,326,363,406,462,526,599,727,866,1101,1403,1570,1739,1852,1983,2113,2270,2429,2596,2617,2626,2751,2837,2915,3025,3099,3163,3228,3275,3314,3329,3350,3369,3387,3399,3409,3409,3428,3439,3446,3454,3465,3467,3478,3475,3472,3473,3479
dv4ydy,122,126,135,144,152,168,177,198,224,248,291,332,339,337,347,346,347,345,342,339,346,342,344,347,341,344,349,347,350,343,344,339,345,350,351,347,346,346,350,347,348,347,339,347,350,345,341,345,349
dv4wwq,29,34,31,32,33,35,32,31,38,34,40,38,38,39,36,38,40,37,37,37,38,39,39,38,42,37,41,38,38,34,37,38,41,39,39,39,38,38,42,41,34,39,39,40,35,39,36,41,41
dv4w0l,40,39,40,38,37,38,38,37,40,38,35,35,36,39,38,38,38,35,42,39,40,36,36,38,36,39,41,43,38,35,39,38,42,42,43,38,36,36,40,41,35,38,42,36,39,40,35,40,35
dv4uxh,22,24,20,24,26,22,23,21,19,20,21,20,20,16,22,20,23,19,21,20,20,24,19,19,21,21,21,20,20,22,17,21,18,20,23,20,17,20,22,20,23,22,22,19,24,21,24,17,22
dv4upi,9,8,11,8,10,11,10,10,10,10,8,8,9,10,11,10,11,9,10,10,9,11,10,11,9,12,9,10,9,10,10,7,10,10,10,10,9,8,9,9,8,8,7,8,7,7,8,7,9
dv4trr,42,43,42,48,46,48,46,45,45,45,42,48,44,46,44,43,45,45,44,43,46,41,44,44,47,45,45,47,45,46,48,44,44,47,45,43,44,45,47,42,45,47,42,42,43,44,44,45,46
dv4s2l,26,23,25,26,25,26,26,29,28,30,29,29,27,33,31,31,32,31,33,38,35,34,37,31,34,33,36,35,36,38,35,38,36,34,37,37,33,39,37,36,38,34,37,37,36,40,34,33,33
dv4r8d,55,57,57,55,58,58,58,57,60,61,62,62,65,68,67,72,68,70,67,74,71,75,72,74,74,77,77,75,76,74,78,77,76,75,75,75,78,77,73,73,73,76,80,77,80,76,76,77,76
dv4qvb,184,187,191,201,210,216,222,231,239,241,245,258,262,257,263,260,261,262,261,263,260,264,259,262,264,263,268,262,262,265,257,262,258,262,267,263,258,263,266,268,258,259,260,264,260,266,262,262,263
dv4q5e,1,1,2,2,2,3,2,1,2,2,2,3,2,3,3,2,2,2,1,3,2,2,3,2,2,2,3,2,2,3,3,3,3,1,3,2,3,2,2,1,2,3,2,2,2,2,3,3,3
dv4pwx,67,66,65,64,61,64,67,68,65,65,68,68,70,67,67,64,71,67,71,66,69,67,67,66,67,66,66,67,71,64,69,69,67,63,68,67,68,68,66,70,68,65,64,69,68,70,70,71,68
dv4pe1,170,184,195,217,228,247,276,311,346,390,430,484,520,534,557,579,602,625,646,667,670,674,685,706,707,723,733,736,756,760,768,769,780,774,785,785,792,794,795,795,800,803,801,802,805,802,804,803,806
dv4oq8,174,188,200,212,224,241,262,284,315,331,357,378,391,404,415,428,440,450,457,464,457,464,469,476,488,493,499,508,510,519,512,521,524,527,525,523,527,524,529,526,527,530,531,532,525,531,531,532,532
dv4olp,274,300,323,348,355,357,354,353,352,354,356,355,353,351,352,356,358,360,362,357,362,358,360,363,359,353,357,360,360,355,357,359,356,356,358,360,357,357,357,361,355,361,362,358,358,357,358,356,357
dv4oej,0,0,1,0,0,0,1,1,0,0,0,1,0,0,0,0,0,0,0,1,0,0,0,0,1,0,0,0,0,0,0,1,0,2,0,0,2,0,0,0,2,0,0,0,2,0,1,0,2
dv4nng,3,4,2,5,3,4,4,2,3,1,3,5,2,0,4,4,4,3,2,2,3,3,1,1,1,2,0,0,2,1,1,2,2,0,0,0,0,1,0,0,1,0,0,0,0,0,0,0,0
dv4mi3,24,25,23,27,20,27,19,24,25,22,26,25,22,27,26,25,22,27,20,24,21,23,22,25,23,23,22,23,23,22,25,22,23,20,26,27,22,22,27,22,26,22,27,23,22,26,24,26,25
dv4k01,3,5,5,5,4,5,5,5,6,4,5,5,6,6,8,4,7,8,7,6,7,6,8,7,7,5,5,8,7,6,7,5,4,5,7,4,5,6,5,6,5,6,7,4,5,7,5,6,4
dv4j2p,73,75,72,75,76,79,76,74,81,77,80,76,78,76,77,77,77,75,74,76,76,78,79,76,76,76,77,77,76,74,80,75,75,76,79,77,77,74,78,80,78,76,75,77,75,77,77,81,81
dv4izq,0,0,0,0,0,0,0,0,0,0,0,0,0,0,0,0,0,0,0,0,0,0,0,0,0,0,0,0,0,0,0,0,0,0,0,0,0,0,0,0,0,0,0,0,0,0,0,0,0
dv4i7q,27,26,26,25,25,25,25,25,25,25,25,25,27,27,30,27,29,29,29,31,33,33,35,32,33,35,33,32,32,33,36,32,33,33,36,37,37,35,32,35,36,33,36,36,33,35,35,35,35
dv4hpj,0,0,0,0,0,0,0,0,0,0,0,0,0,0,0,0,0,0,0,0,0,0,0,0,0,0,0,0,0,0,0,0,0,0,0,0,0,0,0,0,0,0,0,0,0,0,0,0,0
dv4g11,601,669,765,849,885,879,884,884,880,884,885,889,885,888,891,890,895,892,890,893,898,891,896,896,898,892,900,896,901,901,896,897,899,893,896,898,895,898,894,895,891,892,894,899,891,897,898,899,894
dv4fh5,41,45,48,45,47,51,46,51,48,52,52,52,56,61,58,66,64,60,65,62,63,63,63,65,60,61,65,68,61,66,63,63,64,64,63,64,65,66,62,65,61,68,66,66,63,64,65,65,68
dv4evb,0,0,0,0,0,0,0,0,0,0,0,0,0,0,0,0,0,0,0,0,0,0,0,0,0,0,0,0,0,0,0,0,0,0,0,0,0,0,0,0,0,0,0,0,0,0,0,0,0
dv4bnb,26,25,28,26,28,33,31,32,32,33,35,33,30,34,36,33,35,34,36,30,31,32,31,33,32,35,31,31,31,36,30,35,30,33,35,33,34,34,36,35,36,32,36,30,31,31,31,33,31
dv4bbs,6,7,7,7,7,8,7,6,7,7,7,6,7,6,7,7,8,8,7,7,6,6,7,6,6,7,7,8,8,6,7,8,7,8,7,7,6,7,7,7,7,8,7,7,6,7,7,8,7
dv4a6u,0,1,0,1,1,2,3,0,1,4,0,3,3,2,3,4,1,1,2,2,0,1,3,0,4,4,2,1,2,2,1,1,4,2,1,2,2,1,1,2,2,4,3,2,2,2,3,3,1
dv49lu,22,27,22,22,22,29,28,24,28,29,23,23,27,26,23,26,26,25,26,26,27,25,25,26,24,26,27,23,28,22,25,27,26,22,27,26,26,26,26,24,25,25,29,26,25,26,23,25,26
dv49hk,72,73,72,76,78,77,79,78,80,82,83,81,88,89,87,85,85,88,90,91,89,92,89,90,92,89,92,94,93,91,94,95,93,92,93,93,92,91,91,93,89,93,92,91,93,96,97,90,98
dv4910,32,32,27,26,24,26,25,27,28,24,27,29,30,29,26,26,26,28,30,29,29,25,31,31,26,27,33,29,34,28,32,31,30,31,32,35,33,28,30,33,33,35,34,32,33,32,28,32,33
dv481f,35,33,35,36,29,32,32,30,36,33,39,40,36,42,37,39,38,38,37,38,41,37,37,37,37,37,39,37,37,36,35,38,34,38,35,40,37,38,34,36,34,38,35,34,38,36,37,37,36
dv47an,5,5,5,5,5,5,6,5,5,5,5,5,5,5,5,4,5,6,6,6,6,5,5,6,4,4,5,5,5,5,5,5,5,6,5,5,5,5,4,4,6,5,6,5,6,5,6,6,6
dv473q,145,147,153,158,161,167,170,174,178,179,181,184,182,181,181,180,183,181,183,186,180,183,183,183,187,185,182,183,182,183,184,184,182,186,181,184,181,181,184,183,183,185,186,185,185,183,181,186,182
